{
    "file": "wire\/modules\/Inputfield\/InputfieldImage\/InputfieldImage.module",
    "textdomain": "wire--modules--inputfield--inputfieldimage--inputfieldimage-module",
    "translations": {
        "7e4cc6c00140cefcecd178df1836fbba": {
            "text": "L'image a \u00e9t\u00e9 retaill\u00e9e afin de s'adapter aux dimensions maximales autoris\u00e9es"
        },
        "126b21ce46c39d12c24058791a236777": {
            "text": "Image invalide"
        },
        "41cfe40655c4b51507eff9d22bd777f2": {
            "text": "Image de %s ne rencontre pas les dimensions minimales requises"
        },
        "8a29508fcba587b8af0cfb36c544ee0d": {
            "text": "Uploads d'une ou plusieurs images (triable)"
        },
        "5e244fccb2d4cda18bebf756dacce94c": {
            "text": "Image de %s exc\u00e8de la taille maximum permise"
        },
        "fff0d600f8a0b5e19e88bfb821dd1157": {
            "text": "="
        },
        "d388632d05e8826abe4b95de0b110529": {
            "text": "Rogner"
        },
        "e24ee2487879116dcab772c0ac4fe341": {
            "text": "="
        },
        "a4374740662193b987e63eb5b727c994": {
            "text": "="
        },
        "f4843c1c797abf1a256c8802b6cd9f51": {
            "text": "="
        },
        "b18c29b8470190a02813415a04a2191f": {
            "text": "Taille de fichier"
        },
        "7dce122004969d56ae2e0245cb754d35": {
            "text": "\u00c9diter"
        },
        "f6462f94fa453f425245109b06f64d22": {
            "text": "glisser\/d\u00e9poser de nouvelles images"
        },
        "382b0f5185773fa0f67a8ed8056c7759": {
            "text": "="
        },
        "f4795ac01103c68bc75e637665b7bd12": {
            "text": "Ce champ d\u2019images peut avoir des changements non sauvegard\u00e9s qui pourraient \u00eatre perdus apr\u00e8s cette action. Veuillez sauvegarder avant le rognage, ou double-clicker le bouton pour poursuivre malgr\u00e9 tout."
        },
        "d6a369d29506d3151a76c33791fc80b6": {
            "text": "d\u00e9poser un nouveau fichier image pour remplacer"
        },
        "819258e827e9ef9ba926940f30b2697e": {
            "text": "d\u00e9placer le cercle pour centre le focus"
        },
        "f0b3dbf5ce5950ff0ecc7dbea5f8a874": {
            "text": "Il y a d'anciennes vignettes de pr\u00e9visualisation. Cocher cette case pour les re-cr\u00e9er."
        },
        "96733a97d96b04ddd6e06cdf3147df1e": {
            "text": "Pas \u00e9ditable."
        },
        "06df33001c1d7187fdd81ea1f5b277aa": {
            "text": "="
        },
        "9356bea0f207cd50faacd40798850038": {
            "text": "L'action est appliqu\u00e9e \u00e0 la sauvegarde."
        },
        "9ffbd422925a6839ee820ddbc59278c5": {
            "text": "Miroir"
        },
        "8d2de5368588552fbae54044ac5c7b3d": {
            "text": "Rotation"
        },
        "ed75712b0eb1913c28a3872731ffd48d": {
            "text": "Dupliquer"
        },
        "9d639c16d0e22f1f4f9b79593e260ce6": {
            "text": "Supprimer les variations"
        },
        "baca1adb243ae63002bbb02b3ce5c28d": {
            "text": "Reg\u00e9n\u00e9rer les variations"
        },
        "40c760714d188227815e2e1ed3369c29": {
            "text": "Retirer le focus"
        },
        "c9b416167392c2b301810695b92efa12": {
            "text": "="
        },
        "2ef2dfb893d25c30e3e2bda1a10c8952": {
            "text": "="
        },
        "f6cb3e816496528d4187db53bc66567f": {
            "text": "vert et horiz"
        },
        "5fb63579fc981698f97d55bfecb213ea": {
            "text": "Copier"
        },
        "36bb6559696dc9124986ae120515984f": {
            "text": "Coller"
        },
        "e4ddc7e3d69547eea44ee08c02eb350d": {
            "text": "R\u00e9duire de 50%"
        },
        "60e7841801c8734e320b527cbfa8d022": {
            "text": "N&B"
        },
        "b84a9a38377dc1ab6c6d5005cb461f0d": {
            "text": "S\u00e9pia"
        },
        "36400352f439e8894099e79dc33fada1": {
            "text": "Recr\u00e9er toutes les vignettes"
        },
        "0cb9400e4e73f627d6587cf549c60907": {
            "text": "Clone du fichier %1$s => %2$s"
        },
        "80a599081d30053c4cf6bc91230a9e6c": {
            "text": "Ex\u00e9cution de l'action \u201c%1$s\u201d sur le fichier %2$s"
        },
        "a45c16f718396868c97a72efcc571842": {
            "text": "\u00c9chec de l'action \u201c%1$s\u201d sur le fichier %2$s"
        },
        "ac8883f9998c8b328a96855575eebcc5": {
            "text": "Aucun gestionnaire trouv\u00e9 pour l'action \u201c%1$s\u201d sur le fichier %2$s"
        },
        "180481333cbd9cb56beaae68deab6541": {
            "text": "Cliquer pour renommer"
        }
    }
}